{
  "description": "项目配置文件",
  "packOptions": {
    "ignore": []
  },
  "setting": {
    "urlCheck": false,
    "es6": true,
    "enhance": true,
    "postcss": true,
    "preloadBackgroundData": false,
    "minified": true,
    "newFeature": false,
    "coverView": true,
    "nodeModules": false,
    "autoAudits": false,
    "showShadowRootInWxmlPanel": true,
    "scopeDataCheck": false,
    "uglifyFileName": false,
    "checkInvalidKey": true,
    "checkSiteMap": true,
    "uploadWithSourceMap": true,
    "compileHotReLoad": false,
    "useMultiFrameRuntime": false,
    "useApiHook": true,
    "babelSetting": {
      "ignore": [],
      "disablePlugins": [],
      "outputPath": ""
    },
    "bundle": false,
    "useIsolateContext": true,
    "useCompilerModule": true,
    "userConfirmedUseCompilerModuleSwitch": false,
    "userConfirmedBundleSwitch": false,
    "packNpmManually": false,
    "packNpmRelationList": [],
    "minifyWXSS": true
  },
  "compileType": "miniprogram",
  "libVersion": "2.14.1",
  "appid": "wxbaf2cc19cba347e6",
  "projectname": "mini-daxin",
  "debugOptions": {
    "hidedInDevtools": []
  },
  "scripts": {},
  "isGameTourist": false,
  "simulatorType": "wechat",
  "simulatorPluginLibVersion": {},
  "condition": {
    "plugin": {
      "list": []
    },
    "game": {
      "list": []
    },
    "gamePlugin": {
      "list": []
    },
    "miniprogram": {
      "list": [
        {
          "name": "商品列表",
          "pathName": "pages/goods/goods",
          "query": "",
          "scene": null
        },
        {
          "name": "我的",
          "pathName": "pages/my/my",
          "query": "",
          "scene": null
        },
        {
          "name": "商品详情",
          "pathName": "pages/goods_detail/goods_detail",
          "query": "spuId=1339489951963504641",
          "scene": null
        },
        {
          "name": "公司企业",
          "pathName": "pages/company/company",
          "query": "",
          "scene": null
        },
        {
          "name": "首页",
          "pathName": "pages/index/index",
          "query": "",
          "scene": null
        }
      ]
    }
  }
}